{"stats":{"minecraft:picked_up":{"minecraft:dirt":6},"minecraft:custom":{"minecraft:jump":56,"minecraft:time_since_rest":10766,"minecraft:crouch_one_cm":2780,"minecraft:leave_game":12,"minecraft:play_time":10766,"minecraft:sprint_one_cm":699,"minecraft:time_since_death":10766,"minecraft:walk_one_cm":5784,"minecraft:sneak_time":978,"minecraft:total_world_time":10766,"minecraft:fall_one_cm":687,"minecraft:fly_one_cm":1260},"minecraft:used":{"minecraft:dirt":6},"minecraft:mined":{"minecraft:grass_block":2,"minecraft:dirt":4}},"DataVersion":3120}