{"stats":{"minecraft:custom":{"minecraft:jump":45,"minecraft:time_since_rest":6717,"minecraft:leave_game":9,"minecraft:crouch_one_cm":1761,"minecraft:play_time":6717,"minecraft:sprint_one_cm":666,"minecraft:time_since_death":6717,"minecraft:walk_one_cm":3739,"minecraft:sneak_time":541,"minecraft:total_world_time":6717,"minecraft:fall_one_cm":687,"minecraft:fly_one_cm":1260},"minecraft:mined":{"minecraft:grass_block":2},"minecraft:used":{"minecraft:dirt":2},"minecraft:picked_up":{"minecraft:dirt":2}},"DataVersion":3120}