{
  "comforts:sleeping_bag_light_gray": {
    "criteria": {
      "has_the_recipe": "2024-10-24 07:54:50 +0000"
    },
    "done": true
  },
  "comforts:hammock_white": {
    "criteria": {
      "has_the_recipe": "2024-10-24 07:54:50 +0000"
    },
    "done": true
  },
  "beachparty:palm_wood": {
    "criteria": {
      "has_the_recipe": "2024-10-24 06:41:24 +0000"
    },
    "done": true
  },
  "beachparty:beachpartytiki_chair": {
    "criteria": {
      "has_the_recipe": "2024-10-24 06:41:24 +0000"
    },
    "done": true
  },
  "comforts:hammock_cyan_from_white": {
    "criteria": {
      "has_the_recipe": "2024-10-24 07:54:50 +0000"
    },
    "done": true
  },
  "comforts:hammock_black": {
    "criteria": {
      "has_the_recipe": "2024-10-24 07:54:50 +0000"
    },
    "done": true
  },
  "comforts:sleeping_bag_light_blue": {
    "criteria": {
      "has_the_recipe": "2024-10-24 07:54:50 +0000"
    },
    "done": true
  },
  "comforts:sleeping_bag_green_from_white": {
    "criteria": {
      "has_the_recipe": "2024-10-24 07:54:50 +0000"
    },
    "done": true
  },
  "comforts:sleeping_bag_lime": {
    "criteria": {
      "has_the_recipe": "2024-10-24 07:54:50 +0000"
    },
    "done": true
  },
  "beachparty:beachpartypalm_pressure_plate": {
    "criteria": {
      "has_the_recipe": "2024-10-24 06:41:24 +0000"
    },
    "done": true
  },
  "tconstruct:tools/materials_and_you": {
    "criteria": {
      "crafted_book": "2024-10-24 06:41:24 +0000"
    },
    "done": true
  },
  "beachparty:beachpartybeach_hat": {
    "criteria": {
      "has_the_recipe": "2024-10-24 06:41:24 +0000"
    },
    "done": true
  },
  "beachparty:beachpartybeach_towel": {
    "criteria": {
      "has_the_recipe": "2024-10-24 06:41:24 +0000"
    },
    "done": true
  },
  "tconstruct:internal/starting_book": {
    "criteria": {
      "tick": "2024-10-24 06:41:24 +0000"
    },
    "done": true
  },
  "beachparty:palm_beam": {
    "criteria": {
      "has_the_recipe": "2024-10-24 06:41:24 +0000"
    },
    "done": true
  },
  "tombstone:adventure/halloween": {
    "criteria": {
      "coded_trigger": "2024-10-24 06:41:24 +0000"
    },
    "done": true
  },
  "beachparty:palm_door": {
    "criteria": {
      "has_the_recipe": "2024-10-24 06:41:24 +0000"
    },
    "done": true
  },
  "comforts:sleeping_bag_lime_from_white": {
    "criteria": {
      "has_the_recipe": "2024-10-24 07:54:50 +0000"
    },
    "done": true
  },
  "comforts:sleeping_bag_black_from_white": {
    "criteria": {
      "has_the_recipe": "2024-10-24 07:54:50 +0000"
    },
    "done": true
  },
  "beachparty:mini_fridge": {
    "criteria": {
      "has_the_recipe": "2024-10-24 06:41:24 +0000"
    },
    "done": true
  },
  "beachparty:palm_fence_gate": {
    "criteria": {
      "has_the_recipe": "2024-10-24 06:41:24 +0000"
    },
    "done": true
  },
  "comforts:hammock_light_blue_from_white": {
    "criteria": {
      "has_the_recipe": "2024-10-24 07:54:50 +0000"
    },
    "done": true
  },
  "comforts:sleeping_bag_black": {
    "criteria": {
      "has_the_recipe": "2024-10-24 07:54:50 +0000"
    },
    "done": true
  },
  "comforts:hammock_red_from_white": {
    "criteria": {
      "has_the_recipe": "2024-10-24 07:54:50 +0000"
    },
    "done": true
  },
  "comforts:hammock_yellow": {
    "criteria": {
      "has_the_recipe": "2024-10-24 07:54:50 +0000"
    },
    "done": true
  },
  "beachparty:palm_trapdoor": {
    "criteria": {
      "has_the_recipe": "2024-10-24 06:41:24 +0000"
    },
    "done": true
  },
  "buildersdelight:root": {
    "criteria": {
      "crafting_table": "2024-10-24 07:43:11 +0000"
    },
    "done": true
  },
  "comforts:hammock_cyan": {
    "criteria": {
      "has_the_recipe": "2024-10-24 07:54:50 +0000"
    },
    "done": true
  },
  "comforts:sleeping_bag_purple": {
    "criteria": {
      "has_the_recipe": "2024-10-24 07:54:50 +0000"
    },
    "done": true
  },
  "comforts:hammock_pink_from_white": {
    "criteria": {
      "has_the_recipe": "2024-10-24 07:54:50 +0000"
    },
    "done": true
  },
  "beachparty:beachpartypalm_slab": {
    "criteria": {
      "has_the_recipe": "2024-10-24 06:41:24 +0000"
    },
    "done": true
  },
  "comforts:sleeping_bag_purple_from_white": {
    "criteria": {
      "has_the_recipe": "2024-10-24 07:54:50 +0000"
    },
    "done": true
  },
  "tombstone:adventure/root": {
    "criteria": {
      "auto": "2024-10-24 06:41:25 +0000"
    },
    "done": true
  },
  "cataclysm:root": {
    "criteria": {
      "custom_test_name": "2024-10-24 06:41:24 +0000"
    },
    "done": true
  },
  "comforts:sleeping_bag_yellow": {
    "criteria": {
      "has_the_recipe": "2024-10-24 07:54:50 +0000"
    },
    "done": true
  },
  "comforts:hammock_light_gray": {
    "criteria": {
      "has_the_recipe": "2024-10-24 07:54:50 +0000"
    },
    "done": true
  },
  "comforts:hammock_purple": {
    "criteria": {
      "has_the_recipe": "2024-10-24 07:54:50 +0000"
    },
    "done": true
  },
  "comforts:sleeping_bag_orange_from_white": {
    "criteria": {
      "has_the_recipe": "2024-10-24 07:54:50 +0000"
    },
    "done": true
  },
  "comforts:hammock_yellow_from_white": {
    "criteria": {
      "has_the_recipe": "2024-10-24 07:54:50 +0000"
    },
    "done": true
  },
  "beachparty:palm_fence": {
    "criteria": {
      "has_the_recipe": "2024-10-24 06:41:24 +0000"
    },
    "done": true
  },
  "beachparty:beach_towel": {
    "criteria": {
      "has_the_recipe": "2024-10-24 06:41:24 +0000"
    },
    "done": true
  },
  "comforts:sleeping_bag_blue_from_white": {
    "criteria": {
      "has_the_recipe": "2024-10-24 07:54:50 +0000"
    },
    "done": true
  },
  "beachparty:beachpartybeach_chair": {
    "criteria": {
      "has_the_recipe": "2024-10-24 06:41:24 +0000"
    },
    "done": true
  },
  "beachparty:sunglasses": {
    "criteria": {
      "has_the_recipe": "2024-10-24 06:41:24 +0000"
    },
    "done": true
  },
  "the_bumblezone:the_bumblezone/wiki": {
    "criteria": {
      "instant_granted": "2024-10-24 06:41:24 +0000"
    },
    "done": true
  },
  "comforts:sleeping_bag_green": {
    "criteria": {
      "has_the_recipe": "2024-10-24 07:54:50 +0000"
    },
    "done": true
  },
  "beachparty:beachpartysunglasses": {
    "criteria": {
      "has_the_recipe": "2024-10-24 06:41:24 +0000"
    },
    "done": true
  },
  "comforts:hammock_lime": {
    "criteria": {
      "has_the_recipe": "2024-10-24 07:54:50 +0000"
    },
    "done": true
  },
  "comforts:sleeping_bag_brown_from_white": {
    "criteria": {
      "has_the_recipe": "2024-10-24 07:54:50 +0000"
    },
    "done": true
  },
  "beachparty:beachpartyradio": {
    "criteria": {
      "has_the_recipe": "2024-10-24 06:41:24 +0000"
    },
    "done": true
  },
  "beachparty:beachpartytable": {
    "criteria": {
      "has_the_recipe": "2024-10-24 06:41:24 +0000"
    },
    "done": true
  },
  "comforts:sleeping_bag_white": {
    "criteria": {
      "has_the_recipe": "2024-10-24 07:54:50 +0000"
    },
    "done": true
  },
  "comforts:sleeping_bag_pink": {
    "criteria": {
      "has_the_recipe": "2024-10-24 07:54:50 +0000"
    },
    "done": true
  },
  "comforts:hammock_light_gray_from_white": {
    "criteria": {
      "has_the_recipe": "2024-10-24 07:54:50 +0000"
    },
    "done": true
  },
  "comforts:sleeping_bag_gray": {
    "criteria": {
      "has_the_recipe": "2024-10-24 07:54:50 +0000"
    },
    "done": true
  },
  "comforts:sleeping_bag_brown": {
    "criteria": {
      "has_the_recipe": "2024-10-24 07:54:50 +0000"
    },
    "done": true
  },
  "beachparty:beach_chair": {
    "criteria": {
      "has_the_recipe": "2024-10-24 06:41:24 +0000"
    },
    "done": true
  },
  "beachparty:beach_hat": {
    "criteria": {
      "has_the_recipe": "2024-10-24 06:41:24 +0000"
    },
    "done": true
  },
  "beachparty:palm_stairs": {
    "criteria": {
      "has_the_recipe": "2024-10-24 06:41:24 +0000"
    },
    "done": true
  },
  "comforts:sleeping_bag_light_blue_from_white": {
    "criteria": {
      "has_the_recipe": "2024-10-24 07:54:50 +0000"
    },
    "done": true
  },
  "beachparty:palm_button": {
    "criteria": {
      "has_the_recipe": "2024-10-24 06:41:24 +0000"
    },
    "done": true
  },
  "beachparty:tiki_chair": {
    "criteria": {
      "has_the_recipe": "2024-10-24 06:41:24 +0000"
    },
    "done": true
  },
  "comforts:hammock_light_blue": {
    "criteria": {
      "has_the_recipe": "2024-10-24 07:54:50 +0000"
    },
    "done": true
  },
  "comforts:rope_and_nail": {
    "criteria": {
      "has_the_recipe": "2024-10-24 07:54:50 +0000"
    },
    "done": true
  },
  "comforts:hammock_magenta": {
    "criteria": {
      "has_the_recipe": "2024-10-24 07:54:50 +0000"
    },
    "done": true
  },
  "beachparty:beachpartychair": {
    "criteria": {
      "has_the_recipe": "2024-10-24 06:41:24 +0000"
    },
    "done": true
  },
  "beachparty:palm_tall_torch": {
    "criteria": {
      "has_the_recipe": "2024-10-24 06:41:24 +0000"
    },
    "done": true
  },
  "betterdungeons:root": {
    "criteria": {
      "always": "2024-10-24 06:41:24 +0000"
    },
    "done": true
  },
  "beachparty:lounge_chair": {
    "criteria": {
      "has_the_recipe": "2024-10-24 06:41:24 +0000"
    },
    "done": true
  },
  "beachparty:table": {
    "criteria": {
      "has_the_recipe": "2024-10-24 06:41:24 +0000"
    },
    "done": true
  },
  "comforts:sleeping_bag_red": {
    "criteria": {
      "has_the_recipe": "2024-10-24 07:54:50 +0000"
    },
    "done": true
  },
  "comforts:sleeping_bag_red_from_white": {
    "criteria": {
      "has_the_recipe": "2024-10-24 07:54:50 +0000"
    },
    "done": true
  },
  "takesapillage:root": {
    "criteria": {
      "always": "2024-10-24 06:41:24 +0000"
    },
    "done": true
  },
  "beachparty:palm_pressure_plate": {
    "criteria": {
      "has_the_recipe": "2024-10-24 06:41:24 +0000"
    },
    "done": true
  },
  "beachparty:beachpartycabinet": {
    "criteria": {
      "has_the_recipe": "2024-10-24 06:41:24 +0000"
    },
    "done": true
  },
  "comforts:sleeping_bag_magenta_from_white": {
    "criteria": {
      "has_the_recipe": "2024-10-24 07:54:50 +0000"
    },
    "done": true
  },
  "the_bumblezone:the_bumblezone/root": {
    "criteria": {
      "instant_granted": "2024-10-24 06:41:24 +0000"
    },
    "done": true
  },
  "comforts:hammock_magenta_from_white": {
    "criteria": {
      "has_the_recipe": "2024-10-24 07:54:50 +0000"
    },
    "done": true
  },
  "comforts:sleeping_bag_blue": {
    "criteria": {
      "has_the_recipe": "2024-10-24 07:54:50 +0000"
    },
    "done": true
  },
  "comforts:hammock_brown_from_white": {
    "criteria": {
      "has_the_recipe": "2024-10-24 07:54:50 +0000"
    },
    "done": true
  },
  "beachparty:beachpartypalm_trapdoor": {
    "criteria": {
      "has_the_recipe": "2024-10-24 06:41:24 +0000"
    },
    "done": true
  },
  "beachparty:chair": {
    "criteria": {
      "has_the_recipe": "2024-10-24 06:41:24 +0000"
    },
    "done": true
  },
  "beachparty:beachpartypalm_fence": {
    "criteria": {
      "has_the_recipe": "2024-10-24 06:41:24 +0000"
    },
    "done": true
  },
  "minecraft:adventure/adventuring_time": {
    "criteria": {
      "minecraft:windswept_hills": "2024-10-24 06:41:25 +0000"
    },
    "done": false
  },
  "comforts:hammock_blue_from_white": {
    "criteria": {
      "has_the_recipe": "2024-10-24 07:54:50 +0000"
    },
    "done": true
  },
  "beachparty:palm_boat": {
    "criteria": {
      "has_the_recipe": "2024-10-24 06:41:24 +0000"
    },
    "done": true
  },
  "comforts:sleeping_bag_gray_from_white": {
    "criteria": {
      "has_the_recipe": "2024-10-24 07:54:50 +0000"
    },
    "done": true
  },
  "comforts:sleeping_bag_orange": {
    "criteria": {
      "has_the_recipe": "2024-10-24 07:54:50 +0000"
    },
    "done": true
  },
  "comforts:sleeping_bag_cyan": {
    "criteria": {
      "has_the_recipe": "2024-10-24 07:54:50 +0000"
    },
    "done": true
  },
  "beachparty:bikini": {
    "criteria": {
      "has_the_recipe": "2024-10-24 06:41:24 +0000"
    },
    "done": true
  },
  "comforts:hammock_purple_from_white": {
    "criteria": {
      "has_the_recipe": "2024-10-24 07:54:50 +0000"
    },
    "done": true
  },
  "beachparty:palm_slab": {
    "criteria": {
      "has_the_recipe": "2024-10-24 06:41:24 +0000"
    },
    "done": true
  },
  "beachparty:cabinet": {
    "criteria": {
      "has_the_recipe": "2024-10-24 06:41:24 +0000"
    },
    "done": true
  },
  "beachparty:palm_chest_boat": {
    "criteria": {
      "has_the_recipe": "2024-10-24 06:41:24 +0000"
    },
    "done": true
  },
  "beachparty:beachpartypalm_button": {
    "criteria": {
      "has_the_recipe": "2024-10-24 06:41:24 +0000"
    },
    "done": true
  },
  "beachparty:beachpartypalm_stairs": {
    "criteria": {
      "has_the_recipe": "2024-10-24 06:41:24 +0000"
    },
    "done": true
  },
  "comforts:sleeping_bag_pink_from_white": {
    "criteria": {
      "has_the_recipe": "2024-10-24 07:54:50 +0000"
    },
    "done": true
  },
  "comforts:hammock_red": {
    "criteria": {
      "has_the_recipe": "2024-10-24 07:54:50 +0000"
    },
    "done": true
  },
  "beachparty:palm_floorboard": {
    "criteria": {
      "has_the_recipe": "2024-10-24 06:41:24 +0000"
    },
    "done": true
  },
  "beachparty:beachpartypalm_tall_torch": {
    "criteria": {
      "has_the_recipe": "2024-10-24 06:41:24 +0000"
    },
    "done": true
  },
  "farmersdelight:main/root": {
    "criteria": {
      "seeds": "2024-10-24 06:41:24 +0000"
    },
    "done": true
  },
  "beachparty:beachpartymini_fridge": {
    "criteria": {
      "has_the_recipe": "2024-10-24 06:41:24 +0000"
    },
    "done": true
  },
  "comforts:hammock_black_from_white": {
    "criteria": {
      "has_the_recipe": "2024-10-24 07:54:50 +0000"
    },
    "done": true
  },
  "beachparty:beachpartypalm_planks": {
    "criteria": {
      "has_the_recipe": "2024-10-24 06:41:24 +0000"
    },
    "done": true
  },
  "comforts:sleeping_bag_yellow_from_white": {
    "criteria": {
      "has_the_recipe": "2024-10-24 07:54:50 +0000"
    },
    "done": true
  },
  "beachparty:beachpartypalm_sign": {
    "criteria": {
      "has_the_recipe": "2024-10-24 06:41:24 +0000"
    },
    "done": true
  },
  "comforts:hammock_gray_from_white": {
    "criteria": {
      "has_the_recipe": "2024-10-24 07:54:50 +0000"
    },
    "done": true
  },
  "beachparty:beachpartypalm_door": {
    "criteria": {
      "has_the_recipe": "2024-10-24 06:41:24 +0000"
    },
    "done": true
  },
  "dungeons_arise:wda_root": {
    "criteria": {
      "WDA": "2024-10-24 06:41:24 +0000"
    },
    "done": true
  },
  "comforts:hammock_green_from_white": {
    "criteria": {
      "has_the_recipe": "2024-10-24 07:54:50 +0000"
    },
    "done": true
  },
  "comforts:hammock_orange": {
    "criteria": {
      "has_the_recipe": "2024-10-24 07:54:50 +0000"
    },
    "done": true
  },
  "beachparty:radio": {
    "criteria": {
      "has_the_recipe": "2024-10-24 06:41:24 +0000"
    },
    "done": true
  },
  "comforts:hammock_lime_from_white": {
    "criteria": {
      "has_the_recipe": "2024-10-24 07:54:50 +0000"
    },
    "done": true
  },
  "beachparty:beachpartylounge_chair": {
    "criteria": {
      "has_the_recipe": "2024-10-24 06:41:24 +0000"
    },
    "done": true
  },
  "beachparty:beachpartypalm_fence_gate": {
    "criteria": {
      "has_the_recipe": "2024-10-24 06:41:24 +0000"
    },
    "done": true
  },
  "comforts:hammock_pink": {
    "criteria": {
      "has_the_recipe": "2024-10-24 07:54:50 +0000"
    },
    "done": true
  },
  "comforts:hammock_orange_from_white": {
    "criteria": {
      "has_the_recipe": "2024-10-24 07:54:50 +0000"
    },
    "done": true
  },
  "comforts:sleeping_bag_magenta": {
    "criteria": {
      "has_the_recipe": "2024-10-24 07:54:50 +0000"
    },
    "done": true
  },
  "comforts:sleeping_bag_cyan_from_white": {
    "criteria": {
      "has_the_recipe": "2024-10-24 07:54:50 +0000"
    },
    "done": true
  },
  "comforts:sleeping_bag_light_gray_from_white": {
    "criteria": {
      "has_the_recipe": "2024-10-24 07:54:50 +0000"
    },
    "done": true
  },
  "betterdeserttemples:root": {
    "criteria": {
      "always": "2024-10-24 06:41:24 +0000"
    },
    "done": true
  },
  "create:root": {
    "criteria": {
      "0": "2024-10-24 07:54:50 +0000"
    },
    "done": true
  },
  "beachparty:hammock": {
    "criteria": {
      "has_the_recipe": "2024-10-24 06:41:24 +0000"
    },
    "done": true
  },
  "comforts:hammock_brown": {
    "criteria": {
      "has_the_recipe": "2024-10-24 07:54:50 +0000"
    },
    "done": true
  },
  "beachparty:beachpartybikini": {
    "criteria": {
      "has_the_recipe": "2024-10-24 06:41:24 +0000"
    },
    "done": true
  },
  "beachparty:palm_planks": {
    "criteria": {
      "has_the_recipe": "2024-10-24 06:41:24 +0000"
    },
    "done": true
  },
  "comforts:hammock_blue": {
    "criteria": {
      "has_the_recipe": "2024-10-24 07:54:50 +0000"
    },
    "done": true
  },
  "comforts:hammock_green": {
    "criteria": {
      "has_the_recipe": "2024-10-24 07:54:50 +0000"
    },
    "done": true
  },
  "comforts:hammock_gray": {
    "criteria": {
      "has_the_recipe": "2024-10-24 07:54:50 +0000"
    },
    "done": true
  },
  "travelersbackpack:standard_from_custom": {
    "criteria": {
      "has_the_recipe": "2024-10-24 06:41:24 +0000"
    },
    "done": true
  },
  "repurposed_structures:root": {
    "criteria": {
      "always": "2024-10-24 06:54:00 +0000"
    },
    "done": true
  },
  "DataVersion": 3120
}